1,111,test1,Active,100,2023-05-14
2,112,test22,In Active,200,2022-08-01
3,113,test3,Active,200,2022-08-15
4,114,test4,Active,200,2022-08-31
5,115,test5,Active,300,2021-07-06
6,116,test6,Active,300,2021-05-10
7,117,test7,Active,600,2021-05-10
8,118,test8,In Active,700,2021-05-10
9,119,test9,Active,700,2021-05-09
10,120,test10,Active,700,2021-05-09
11,121,test11,Active,700,2021-05-09
12,122,test12,Active,700,2021-05-09
13,123,test13,Active,800,2021-05-06
14,124,test14,Active,800,2023-05-14
15,125,test15,Active,800,2023-05-14
16,126,test16,Active,800,2023-05-14
17,126,test23,Active,100,2023-05-14
